order_id,distance_km,item_count,prep_time_min,rider_rating,traffic_density,is_late
ORD-1000,4.807211366744669,12,7.511282567872926,3.7284943841968032,Medium,1
ORD-1001,11.433214523714035,14,3.9887894107713144,3.899252018773306,High,1
ORD-1002,8.917930330831158,8,5.058062602425803,3.5330403818357254,High,1
ORD-1003,7.384572568265921,3,13.300375120463682,4.374886238684173,High,1
ORD-1004,2.29421436508802,8,8.147595553231369,4.763346119515922,High,0
ORD-1005,2.29393698386633,5,8.95965532395459,4.323470674162463,High,0
ORD-1006,1.1679615399342937,1,4.319797547961038,3.8289109428858135,Low,0
ORD-1007,10.461025676411754,7,6.059533218634348,3.550503767320809,Low,1
ORD-1008,7.4128226350469015,5,4.993200189562309,3.8219421098882043,Low,0
ORD-1009,8.642834644654522,6,4.680420138739543,4.124182142106639,Medium,1
ORD-1010,0.7367216844017281,6,10.293490313107611,4.639417143049695,High,0
ORD-1011,11.653963299862935,8,5.339490019394292,3.781764278806661,Low,1
ORD-1012,10.07309036920485,9,10.21620131826544,4.579687180032029,Medium,1
ORD-1013,2.9418997728001757,2,2.759909983411201,4.800400202527825,Low,0
ORD-1014,2.590987122881657,9,3.843067115852324,4.180920272162536,Low,0
ORD-1015,2.609151863314489,12,5.56902330200163,4.73214798746389,High,0
ORD-1016,3.998785794034684,11,9.761609919643991,4.331986022052643,Medium,1
ORD-1017,6.534698963770735,10,10.785936186135888,4.455636255621357,High,1
ORD-1018,5.467367714384332,9,7.755320568133852,4.289417690507304,High,1
ORD-1019,3.849135112277482,13,7.795281889503976,4.1947590751270125,Low,1
ORD-1020,7.536308289307364,10,11.418719068182035,3.851980162663774,High,1
ORD-1021,2.104179397498481,10,2.205674192952572,3.954791089191569,Medium,0
ORD-1022,3.859663458155009,7,6.434170318164867,3.9349551784154135,High,0
ORD-1023,4.713161197877454,1,12.643191742550027,4.344933396430722,High,1
ORD-1024,5.744804818495913,7,9.84185233277384,3.679930539535835,High,1
ORD-1025,9.529523556019656,10,6.383952725820465,4.875187536053502,Low,1
ORD-1026,2.796248494821137,5,13.771822300285761,4.58098271792467,Medium,1
ORD-1027,6.413696041756533,6,12.044095456841973,4.102168446369791,Low,1
ORD-1028,7.312767541913488,10,5.4436408140775345,3.737936216789567,Low,1
ORD-1029,1.0341797462799738,7,10.38876788783432,4.822988254582453,Low,0
ORD-1030,7.486765796866541,14,9.744759466456436,4.735667135151748,Low,1
ORD-1031,2.461027422403853,5,7.215442882506775,4.582582329075769,Low,0
ORD-1032,1.2480933193307144,7,6.770429029662409,3.9073205711168635,Medium,0
ORD-1033,11.412183678413331,9,6.466286172084152,4.103669956150504,High,1
ORD-1034,11.604768380357433,3,10.023025184143409,3.654122378678635,Low,1
ORD-1035,9.796569503339303,8,7.751329174248704,3.7835592870912977,Low,1
ORD-1036,4.003058345493763,2,12.814220472268486,4.6745249559751,Medium,1
ORD-1037,1.6232293110734144,11,10.704834009741504,4.572558078276026,Medium,1
ORD-1038,8.368679804889805,7,2.9091108742226437,4.390228644463902,High,0
ORD-1039,5.561753678005415,13,10.32218690976616,4.843590088889259,Medium,1
ORD-1040,1.9034397007149564,2,5.5249166745024025,4.374899776719568,High,0
ORD-1041,6.194534466279607,14,9.706555891494496,4.200451999945416,Low,1
ORD-1042,0.8954679928250115,4,10.841715104344868,4.010556119458644,Low,0
ORD-1043,10.957184623905993,7,5.000779459002157,4.9106727586042584,High,1
ORD-1044,3.4759697884001945,3,7.939162383444792,3.6240731922865304,Medium,0
ORD-1045,8.119006270070793,2,4.474223216647881,4.896331058091213,High,0
ORD-1046,4.084677375028226,11,2.680405385224608,4.740071989896528,Medium,0
ORD-1047,6.480782243544825,10,6.920193505316298,3.694894886803552,Low,1
ORD-1048,6.787168212447716,7,6.718275533997896,4.347476536512881,Medium,1
ORD-1049,2.625826238543561,1,14.941246379155341,4.79982197262363,High,1
ORD-1050,11.650223219292423,14,7.8025805655693485,4.357713745410731,High,1
ORD-1051,9.414027468652817,8,6.336404143138605,4.860799732340933,Low,1
ORD-1052,11.304237827988175,3,9.54617508731677,4.914475725224063,Medium,1
ORD-1053,10.790514529917962,12,3.15397612340099,4.1335767832764585,Medium,1
ORD-1054,7.375849756327479,12,14.501654567412572,4.065970492109486,Medium,1
ORD-1055,11.101553702765843,13,10.25448059268343,4.904481730953735,Low,1
ORD-1056,1.5176637735970742,2,11.81289165923102,4.512710091724502,Medium,0
ORD-1057,2.75380291782017,3,4.216213196260928,3.674034022022254,High,0
ORD-1058,1.0201138224711879,5,7.323212089067651,3.5634376238340217,Medium,0
ORD-1059,4.24129880377754,11,7.494958474150464,4.346943576495895,Low,1
ORD-1060,4.969788831429043,8,12.683483770714128,4.895256448157637,Medium,1
ORD-1061,3.620513865399803,10,2.0160768368723225,4.766373053608728,Medium,0
ORD-1062,10.030481355247188,7,5.911090408592316,4.513771619696504,High,1
ORD-1063,4.602663256976276,7,14.75607286647595,3.7086737733366313,Medium,1
ORD-1064,3.730746861404879,12,8.173525065580842,3.8813470756230433,High,1
ORD-1065,6.741004956319857,7,6.972841643172107,4.813266839828924,High,1
ORD-1066,2.1206285872097705,8,3.5577770262294024,3.7742108549853506,Low,0
ORD-1067,9.725265278671456,1,14.664140172164203,3.917659112375652,High,1
ORD-1068,1.3573324023173645,4,2.260342627035718,3.6944009767931627,High,0
ORD-1069,11.84919977090595,13,11.583342925094161,4.514162347121617,Low,1
ORD-1070,9.38081484691156,6,11.99179746225061,4.915973458044815,High,1
ORD-1071,2.785230337642983,9,5.167537308830266,3.903452047393079,Low,0
ORD-1072,0.5635043469214276,13,10.730259766969485,4.213109911775111,Medium,1
ORD-1073,9.877806427230594,2,3.208078876932069,4.4515096095668065,Low,0
ORD-1074,8.628859454247596,1,5.341614463617038,4.999199372323446,High,0
ORD-1075,8.883582432471353,13,12.242725847799445,3.657212097496358,Low,1
ORD-1076,9.369608986888377,10,13.240920496436024,4.247856199258564,High,1
ORD-1077,1.351513494942039,12,9.910323364577287,4.0776801798537505,Medium,1
ORD-1078,4.622355878259135,14,8.588899613666275,4.798730247833532,Low,1
ORD-1079,1.8324941845389917,2,4.070952268046744,4.213951596517484,Medium,0
ORD-1080,10.425689397569325,7,2.820417430028952,3.6664662868777222,High,1
ORD-1081,7.667928458516916,3,3.5294373701562622,4.451636217929876,High,0
ORD-1082,4.305327285805466,10,4.9556449012492845,4.65617092739582,Medium,0
ORD-1083,1.2309210282892717,2,6.441768524659971,3.504321877498422,Low,0
ORD-1084,4.076296699730115,14,6.951823831642834,4.7884350281309445,Low,1
ORD-1085,4.239608203307591,11,6.502182991657046,3.7790345000084984,High,1
ORD-1086,8.890471050887736,7,5.1077193185644525,4.328104046980067,Medium,1
ORD-1087,7.831910920584951,13,8.626415207772077,4.123696251031175,Medium,1
ORD-1088,10.702946539627755,13,12.72871940702766,4.579480724915795,Low,1
ORD-1089,5.930471639362417,2,5.63614600012923,4.056742422178613,Low,0
ORD-1090,1.8753338282904695,3,14.25103124832903,4.804644765022566,Low,1
ORD-1091,8.702315053064442,11,13.353376602410021,4.595744541438185,Medium,1
ORD-1092,9.249028059094321,7,4.102934747577425,4.471569756594382,Low,1
ORD-1093,6.954687772049207,14,12.221587437842228,4.694360893344282,Low,1
ORD-1094,9.36612256947745,4,9.469635970130966,4.631034552392574,High,1
ORD-1095,6.178649358190493,13,9.365479708228442,3.55390801238233,Low,1
ORD-1096,6.511427537892931,14,7.083555919756267,4.092101530767242,Low,1
ORD-1097,5.416721711123321,1,8.514988989366127,4.896210945974735,Medium,0
ORD-1098,0.7923199575570947,13,7.1633241065797435,3.6885864034883395,Medium,0
ORD-1099,1.7407514104230013,14,9.016524043879258,4.605644825648077,High,1
ORD-1100,0.8614356353974439,5,10.163350686044266,4.961887717002995,Low,0
ORD-1101,7.818719729533474,12,10.765949483317629,3.5782979435674576,High,1
ORD-1102,4.115093782377757,9,8.92225550327254,4.523290820939915,Medium,1
ORD-1103,6.348562948394082,8,11.378486875273513,4.2022312119515455,High,1
ORD-1104,10.93701445015007,12,3.8366146405815753,4.368762883062083,Medium,1
ORD-1105,3.366860635212062,9,4.755772381729101,3.628012004726487,High,0
ORD-1106,5.219403614909742,10,12.643555052965512,3.564510427800409,High,1
ORD-1107,9.18883809324506,14,6.192863712003398,4.500299990826383,Low,1
ORD-1108,3.1311789031536583,9,2.297619724689563,4.734964144731077,High,0
ORD-1109,1.3852689630311195,7,3.999284945684404,4.673023002399451,Low,0
ORD-1110,3.8321417085083325,4,4.906987648452047,4.315708591799356,Low,0
ORD-1111,2.3540448034210506,5,14.445197542629634,3.6498002317042673,Low,1
ORD-1112,11.19152300193959,1,9.449538576101041,4.532066665754021,Low,1
ORD-1113,9.793384364990795,14,14.125499626191313,3.862833325331219,High,1
ORD-1114,7.78414319986987,1,9.477123556456124,4.866603054151075,Medium,1
ORD-1115,10.521796787158754,3,8.231607721792074,4.7573980393185575,Medium,1
ORD-1116,9.742228884339816,13,6.078459985523248,4.564074450631086,Medium,1
ORD-1117,2.645555677189412,14,9.882822277633883,4.923268933746696,High,1
ORD-1118,10.764428482634745,8,3.8095743200278878,3.5471327322669093,Low,1
ORD-1119,6.702435782029983,14,13.677401154805178,4.604300637591143,Medium,1
ORD-1120,9.785561784386719,2,12.781321266836688,3.995364169004608,High,1
ORD-1121,10.805049949120173,4,6.127908822397582,4.859098828529548,Low,1
ORD-1122,4.157039962176435,2,14.386367858816826,3.9000127949929664,Medium,1
ORD-1123,1.7655971320682826,14,12.727609976402386,4.587284748972525,Low,1
ORD-1124,3.1212543692323296,5,10.661989515855517,4.816470529476172,Medium,0
ORD-1125,5.411739569201948,9,3.5829048446285725,3.5624852275740237,Medium,0
ORD-1126,9.907169808108671,1,8.21704229962494,4.096471369388054,Medium,1
ORD-1127,10.398401707447949,5,8.57939821300776,4.6434635480329085,Low,1
ORD-1128,0.579949501108693,14,5.023167658749941,4.18237833426138,High,0
ORD-1129,6.373593979642006,9,3.0395501266709255,3.900878944690393,Low,0
ORD-1130,5.300226536210959,1,12.097407196132005,3.829708023234785,Medium,1
ORD-1131,3.054239820413398,9,3.5864556776171352,3.697277400374567,Low,0
ORD-1132,1.8784517243373522,8,9.725779757303071,4.785694339784423,High,0
ORD-1133,4.382574471141721,4,14.173839260487588,4.363033104877334,Low,1
ORD-1134,11.34346159499397,12,13.389367503774553,3.614577417487184,High,1
ORD-1135,4.216833718238686,11,5.610784108740395,4.073870485355953,High,0
ORD-1136,6.46609215004871,10,13.06883228816645,4.051600476207665,Low,1
ORD-1137,8.584718027294546,5,2.004322579566362,3.7726087860641946,Medium,0
ORD-1138,4.681740427361881,13,2.229941524972344,4.153261438208286,High,0
ORD-1139,11.675493951291047,5,9.833191129957244,3.998149048089705,Low,1
ORD-1140,11.568143891834278,11,6.742376848878883,4.012705558238274,High,1
ORD-1141,3.3954964019916876,12,7.0239909350689125,4.608539836681938,Medium,1
ORD-1142,6.218357817762433,6,9.337734178825471,3.8348950782577944,Low,1
ORD-1143,3.960100562892851,7,4.493171922694188,4.462789938283033,Low,0
ORD-1144,3.7756656853408774,8,4.752819558651218,4.355974435821402,Low,0
ORD-1145,0.9241998945771271,14,8.299820631245241,4.352138768506801,Medium,1
ORD-1146,7.509989840768814,8,11.805296076470219,4.494511019212664,High,1
ORD-1147,6.280808767131907,11,10.05347076829864,4.322573054293481,Low,1
ORD-1148,1.0920056393748776,14,5.865615627078906,4.818882672269577,High,0
ORD-1149,3.7044343387210317,13,7.594383307615976,4.513370137925389,High,1
ORD-1150,10.945057688616517,2,4.21864186114998,4.320444877057082,Medium,1
ORD-1151,3.254961742670183,9,2.970187586382062,4.744644680431467,Low,0
ORD-1152,2.1662910290490656,7,12.17504852967394,4.4092198474002195,High,1
ORD-1153,6.128706743191975,4,5.4500363194465296,3.9367163716777687,Low,0
ORD-1154,11.834980222271907,4,4.310963042066227,3.8106423772648568,Low,1
ORD-1155,3.283635622382255,11,10.991034722401151,3.7284916784940183,Medium,1
ORD-1156,8.229558795167604,8,10.034671765733417,4.849182818819152,Low,1
ORD-1157,9.258625576280252,4,10.231465138175032,4.5652031476970985,Low,1
ORD-1158,3.232831755912596,13,4.975629863005977,4.906067657246481,High,0
ORD-1159,8.874488009036385,6,5.024392001314853,4.404937708572414,Medium,1
ORD-1160,4.729506026271412,5,4.870434187213309,4.210101322242369,Low,0
ORD-1161,7.771517051826164,3,4.258783743609829,3.589574733456334,High,0
ORD-1162,7.7855916737502895,13,10.524407743301532,4.507463422319045,Medium,1
ORD-1163,6.661408866859722,14,13.024206508242218,4.373313139652347,Medium,1
ORD-1164,1.5383323556256956,10,11.416127105796596,4.985313340381432,High,1
ORD-1165,10.105978699276237,11,12.297217238887061,3.8587381666733647,High,1
ORD-1166,4.188970747174962,2,7.2623795781075975,4.296106032930254,High,0
ORD-1167,2.6449628695983236,9,10.502985339835975,4.476436002677109,High,1
ORD-1168,0.968914127879785,10,6.605071125782069,4.466886762113515,High,0
ORD-1169,7.295268846664781,9,8.83156008559232,4.3419403144226045,Low,1
ORD-1170,8.291990161186249,1,8.261253004953211,4.665392015490838,Low,1
ORD-1171,0.6907600326703458,10,4.299532886870107,3.8074718142902246,Medium,0
ORD-1172,6.389070170441731,3,7.032023884363201,4.5884408004116235,Low,0
ORD-1173,3.1047014147762866,8,14.529689581270564,4.429601857149634,Low,1
ORD-1174,7.9194870897086735,6,5.231543350294247,4.84411266769186,Low,1
ORD-1175,2.5052139335574015,5,3.7394485716333534,4.7707916585503725,High,0
ORD-1176,8.44578398817836,5,7.441548081111159,3.97272055869883,Medium,1
ORD-1177,4.947456482456181,6,12.274390566181925,3.91435598746273,Medium,1
ORD-1178,11.272394870472446,7,9.56792698713964,4.972479985778672,Medium,1
ORD-1179,2.081490857678922,1,10.85267275409718,4.290897771372885,Medium,0
ORD-1180,4.422263037077973,9,4.466033026270804,4.859631445871655,Low,0
ORD-1181,1.8049454942667742,3,10.04632650910038,3.745821535670723,Low,0
ORD-1182,11.133976610203472,4,6.205505133849159,4.464228372200261,High,1
ORD-1183,10.589402563881281,10,12.845943757411977,4.714790281040879,Medium,1
ORD-1184,3.4663287187242897,1,10.18088447813957,4.921092874379671,Low,0
ORD-1185,8.089816529393058,13,4.585131611078847,4.006010211525535,Low,1
ORD-1186,9.898055302313981,11,2.8400168379731197,4.587471754886079,High,1
ORD-1187,6.884809333393817,10,2.5542317207314253,4.308219513559429,High,0
ORD-1188,6.590981651094075,3,6.828311379451829,3.5909433890997025,High,0
ORD-1189,3.2813013453551942,2,5.456064776506075,4.5349996059634154,Low,0
ORD-1190,1.5706818297678409,2,10.399171605012604,4.535144837356765,Low,0
ORD-1191,10.817981216463258,14,8.491339854722037,4.8959102072698055,High,1
ORD-1192,10.8548076573783,1,5.458250614069949,4.245968669253458,Medium,1
ORD-1193,7.780666758642582,8,3.9400911133522896,3.845376381065772,High,1
ORD-1194,4.398842597060058,3,3.653596914936845,3.5668457351730187,High,0
ORD-1195,4.5159101080456,3,13.24058509782543,4.123463280028859,High,1
ORD-1196,8.848490307007753,6,5.165213589263274,3.9528750501162526,High,1
ORD-1197,10.816767989454636,13,10.472238422842588,4.641632459035813,Low,1
ORD-1198,10.701493879048849,8,12.538917063821462,4.0314016472615695,Medium,1
ORD-1199,9.468568777362675,13,9.98305704540157,4.923606794472266,High,1
ORD-1200,7.883363930774309,9,13.174348011410295,4.943465304481676,Medium,1
ORD-1201,1.4676095974430616,9,7.101118379870169,4.431362885326562,Medium,0
ORD-1202,2.358730212088058,4,14.430888478436328,4.892990430522325,Medium,1
ORD-1203,10.833373168061412,14,3.73088505431526,4.641281516771743,High,1
ORD-1204,7.473934186085284,5,3.3279438855479953,4.320289461462689,Low,0
ORD-1205,0.605766093591241,2,10.562997900696766,3.770461903134167,High,0
ORD-1206,1.6669227429593692,11,14.256804838372403,4.18789691527076,Medium,1
ORD-1207,8.130270344742641,9,12.515485001272264,4.3413116950439266,Medium,1
ORD-1208,0.5582082142315149,8,2.9934191726946686,4.795942371102515,Low,0
ORD-1209,2.349292591301235,3,5.631780281151313,4.222000064803497,High,0
ORD-1210,6.810438577715741,11,14.094145502891708,4.846512009016935,Medium,1
ORD-1211,8.456794773465973,12,5.289759626410199,4.511523468535204,Low,1
ORD-1212,7.997554484279906,13,12.15521550922995,3.705498594580507,Medium,1
ORD-1213,3.0790970587964375,9,12.72671854707315,4.9924720539876395,Low,1
ORD-1214,8.690061045496662,3,8.440877344992764,4.2908489911308685,Low,1
ORD-1215,3.2283645062132007,9,7.022535828028102,4.087787444613618,High,0
ORD-1216,4.242096528831579,2,7.851617621456875,4.48867064670429,Medium,0
ORD-1217,9.084651158857278,12,4.950541026749734,3.663339970971559,High,1
ORD-1218,7.970778339042969,10,13.562081909674975,4.454807970130032,Medium,1
ORD-1219,10.266069220683047,9,7.858055537486853,4.24735400074891,High,1
ORD-1220,8.062548261453948,8,13.471972725929298,4.1100111049978745,Medium,1
ORD-1221,7.035548938357923,9,3.3740152387815634,4.929530031768349,High,0
ORD-1222,1.5772598300230634,5,14.847578523001708,4.28380957509808,Low,1
ORD-1223,4.728731735183485,11,7.762550136767038,3.8286762192049077,Medium,1
ORD-1224,3.5498272283398427,11,2.621800665123371,4.188445219065948,Medium,0
ORD-1225,3.3058808988594612,2,2.494284027086914,4.879081106859009,Low,0
ORD-1226,11.689621379653124,8,11.700694347263902,3.764143206995892,High,1
ORD-1227,5.020623833667745,12,10.56746194464785,3.8209355580323554,Medium,1
ORD-1228,10.758535384536803,6,12.427697255658638,3.5195443516356257,Medium,1
ORD-1229,7.758094198968523,8,3.3697779413864772,3.521285074093651,High,1
ORD-1230,9.640329990728956,11,2.4624212714621283,4.744087440437768,Low,1
ORD-1231,6.280326570709709,5,8.61153076281852,4.598183910264433,High,1
ORD-1232,7.13439467320313,10,7.038738009276004,4.0325615846779375,High,1
ORD-1233,6.163953478916935,2,8.005310176722425,4.547466735841359,High,0
ORD-1234,2.7452943596775117,6,14.890649315313562,4.092808889464955,Medium,1
ORD-1235,8.808199325507312,5,14.619749449718713,4.929345193996741,Low,1
ORD-1236,3.7288821680698416,12,14.250100065751507,4.950579022139053,Low,1
ORD-1237,0.7796336139617192,13,12.189954797979759,4.089190663714015,High,1
ORD-1238,7.92293140293243,12,6.612937683339575,4.781332859511302,Medium,1
ORD-1239,2.536772813181063,5,7.35770209341603,4.659633562546199,High,0
ORD-1240,11.315273720058514,13,9.145008568346018,3.964999905757684,Medium,1
ORD-1241,11.470178635529756,1,12.796947933262919,3.848059743351659,Medium,1
ORD-1242,11.020940487535158,2,2.893266822737481,4.187351975589251,Medium,0
ORD-1243,4.756825052937611,8,7.515859516503546,4.672023260921609,Medium,1
ORD-1244,0.6777510900819754,13,3.074029624970493,4.940251677093118,Low,0
ORD-1245,11.175663469758842,14,8.690548625455651,4.645368603299859,Medium,1
ORD-1246,5.424117705649115,13,13.68571071208106,4.782810477527555,Medium,1
ORD-1247,11.6165304190022,3,12.172304019331193,4.4045964592557745,High,1
ORD-1248,11.581629736526407,10,4.96195142806043,4.753111746263189,High,1
ORD-1249,10.30960873787464,3,14.687881044784302,4.676631287005127,Low,1
ORD-1250,3.8861622588002356,8,10.675555174603568,4.06547831288942,High,1
ORD-1251,4.92862387892214,8,2.13556009216624,4.327985453181082,Medium,0
ORD-1252,10.288071722443854,2,5.320375300907854,4.707129682984542,High,1
ORD-1253,4.144603059297193,8,5.3892728989589145,3.5690851012849345,Low,0
ORD-1254,2.4491665868900636,11,2.900305981716179,4.712118923533745,High,0
ORD-1255,6.903214518271027,13,14.477744734987077,3.766832186073535,High,1
ORD-1256,11.265779902848982,13,8.21731882948701,4.272025425682158,Low,1
ORD-1257,8.50434266176219,1,13.645589765834465,4.712413159333907,Low,1
ORD-1258,7.055703456027697,6,6.188801544780168,3.880731617235042,Medium,1
ORD-1259,1.6175296783638382,8,3.6280364156267524,3.8687111589592296,High,0
ORD-1260,7.572583107040452,3,8.16636942878078,4.1041465976933775,Medium,1
ORD-1261,11.885619276199028,8,3.481436251286123,4.841964196366452,High,1
ORD-1262,2.1109661752200264,12,8.318201538708019,3.500664172155812,High,1
ORD-1263,6.460791002182972,1,13.9638633558523,4.852074644962903,Medium,1
ORD-1264,10.589790327171487,11,8.769985843844765,3.7307105369624116,High,1
ORD-1265,9.01883910417335,11,10.014496449636086,4.985129564101223,High,1
ORD-1266,8.515681021445582,9,4.036299680659508,4.932270489557702,High,1
ORD-1267,8.578566965851756,13,2.5685631364396033,4.242012784386925,Low,1
ORD-1268,4.634148239027184,11,3.4405035083374917,4.2690803717189425,Medium,0
ORD-1269,3.876306209041674,13,9.780910483896754,4.222324010413781,Low,1
ORD-1270,9.807653288002907,9,3.2351520868999604,4.453165468489284,Medium,1
ORD-1271,9.816304038810578,5,6.887907569237049,3.6360825533523964,Medium,1
ORD-1272,10.471331663671192,10,9.151195225956029,3.54892692251235,High,1
ORD-1273,11.00226635439942,4,7.052486382188011,3.586554392623848,Medium,1
ORD-1274,6.3804375869007846,11,4.12788941904892,4.166548023862272,Low,1
ORD-1275,6.2674373889027954,6,5.559286997683385,3.913321908829225,Low,0
ORD-1276,9.680394558117914,12,14.068127927031501,4.433059343556491,Low,1
ORD-1277,7.974585203944299,7,10.78776958262262,4.988663434062168,Medium,1
ORD-1278,8.572619088463588,5,8.448621902838525,4.079484759614699,Low,1
ORD-1279,9.651615698515162,11,2.1652935698296156,4.36076188115677,Medium,1
ORD-1280,10.735061430902013,13,14.901400206363112,4.123405843861003,Low,1
ORD-1281,4.386944303792662,10,10.728914153630363,4.770907501582789,Low,1
ORD-1282,4.819203955359356,9,6.119992205484285,4.853354605193357,Medium,0
ORD-1283,1.5807923081699935,3,13.430492579971897,4.816033418307891,Low,0
ORD-1284,7.150221621456001,7,5.359611063793635,4.961558358018887,High,1
ORD-1285,0.913336148662534,10,9.072215529375772,3.541278777710623,Medium,0
ORD-1286,5.8543772085232915,10,10.268919928487726,4.7597242432182965,Medium,1
ORD-1287,6.740413299137131,11,4.87382382889847,4.62765825955864,Medium,1
ORD-1288,3.795224399475271,5,14.719164624407746,3.8430416141005472,High,1
ORD-1289,7.294582496543624,14,11.726494777726968,4.934480140081291,Medium,1
ORD-1290,0.8507528742990684,7,9.251571931643909,3.7222668923449183,Low,0
ORD-1291,0.9295041706159658,2,4.3477297762789116,4.5193248907008625,Low,0
ORD-1292,9.95990644758607,4,2.7001566909743397,3.8373353252238687,Low,0
ORD-1293,4.642192376229524,2,6.160777822772785,4.147070973161112,Medium,0
ORD-1294,1.961195895496675,14,11.791435366874236,4.5787398454168535,Low,1
ORD-1295,6.5057974906302505,13,5.501306877926326,4.34498696304957,Medium,1
ORD-1296,9.354925860634024,13,9.014230866441567,4.141252746992167,Low,1
ORD-1297,2.9819418162136966,12,11.463313297499662,3.989507646397981,High,1
ORD-1298,7.6632404719185025,7,3.4032682904040366,4.759489483563185,High,0
ORD-1299,1.481495847428332,2,10.908874209506354,3.7157215254722207,High,0
ORD-1300,1.0943397934389885,13,3.194321540230581,4.1451543147947,High,0
ORD-1301,6.610578263033702,14,14.546686647650954,4.855636357662713,Medium,1
ORD-1302,6.717303898516225,11,8.349123690844214,4.768774325689952,Low,1
ORD-1303,7.830443867229375,1,3.958789400228406,4.10141264370957,High,0
ORD-1304,8.850050337810607,9,6.450987268436104,4.644662545401962,Medium,1
ORD-1305,11.722298913819149,1,7.374413840838399,4.7347412460632885,High,1
ORD-1306,6.437454005463746,8,11.856405143994985,4.8333311360054445,High,1
ORD-1307,4.213999438824329,2,11.66450921899592,4.316758653573842,Medium,0
ORD-1308,9.644641239840093,12,9.955226569385303,3.8066913290820676,Medium,1
ORD-1309,3.6145708895138533,8,3.3770992632604084,3.8829636147558975,Low,0
ORD-1310,5.548171338114815,13,3.970401830639757,3.9435420110624064,Low,1
ORD-1311,1.4022483854360586,3,3.218839968392236,4.3907037212144235,High,0
ORD-1312,0.7915335492777613,6,9.50324618273815,3.5492144361929125,High,0
ORD-1313,11.570456768796138,3,13.402799739648252,4.454063703169952,Low,1
ORD-1314,10.113771385890367,14,7.6394066593120336,4.046531357642348,Low,1
ORD-1315,8.503703370077528,7,4.0910262614507005,3.9428627037344635,Medium,1
ORD-1316,5.202958860764103,10,9.254550226936571,4.819244856092189,Low,1
ORD-1317,2.4928846808147265,9,12.552778819254229,4.190003593371198,Low,1
ORD-1318,2.2990259907174897,2,11.64225679966809,3.6425795682990394,High,0
ORD-1319,3.3777933288928463,12,13.458860135775279,4.7401201520393705,Low,1
ORD-1320,6.816106644120385,12,5.612727264235282,3.57146188615476,High,1
ORD-1321,8.717853111050717,14,4.521400274481073,4.590123836252295,Low,1
ORD-1322,8.092269832253908,5,13.437614317245204,4.660859332655997,Medium,1
ORD-1323,3.7192398148783425,13,10.5482840661143,4.028903908893287,Low,1
ORD-1324,11.480950727626732,6,6.042076090098204,4.737181784416681,Low,1
ORD-1325,8.985814542001338,4,11.65052465744262,4.2734891087846805,Low,1
ORD-1326,6.875071603881108,4,12.596538998244782,4.194940479909195,High,1
ORD-1327,7.534788581695051,4,9.994717124434722,3.5681049222030388,Medium,1
ORD-1328,5.325400717919584,2,10.942493428438896,3.935043790473359,Low,1
ORD-1329,3.348906379263311,4,6.878378757754662,4.89651495632795,High,0
ORD-1330,4.593685804489509,11,9.003043675459509,4.0877359449252495,Medium,1
ORD-1331,9.215230270340244,1,8.81406921944011,4.320050780835152,High,1
ORD-1332,0.6655251192421925,12,13.024621284700034,4.2980325184763775,High,1
ORD-1333,1.8348353658295367,6,12.919531743668372,4.38564663473404,Medium,1
ORD-1334,1.0290303832501566,1,12.824846101511561,3.591996433464924,Low,0
ORD-1335,0.9683812266681566,10,2.1434109854120553,4.0432643821980925,High,0
ORD-1336,10.337796716126583,6,11.744091298095547,4.584692410823831,High,1
ORD-1337,8.592065382870272,1,11.862793071443063,3.8008403766094743,Low,1
ORD-1338,5.95299903450424,6,10.818924697116843,3.8053675663195405,Low,1
ORD-1339,1.625092847486517,10,11.831440552588884,3.5151359100335373,Medium,1
ORD-1340,6.153582563843572,8,12.945614829457213,4.156222889912314,Medium,1
ORD-1341,5.944925363976505,11,8.114147703323214,4.824101571010133,Medium,1
ORD-1342,2.4918215039651743,2,8.526652775349813,3.5778514153809633,Low,0
ORD-1343,5.48929396623669,2,3.621282739848076,3.786678064244004,High,0
ORD-1344,5.082804445569795,14,7.009886479615703,3.9651268075141326,High,1
ORD-1345,7.5822761276004895,13,10.363747338853196,4.597587104846319,Medium,1
ORD-1346,7.803576984977903,12,12.145197089914568,4.46095338920388,Low,1
ORD-1347,1.020996112378512,4,4.823718269985737,4.123915856872783,High,0
ORD-1348,4.808045068204419,11,3.79169768907006,4.638603408887564,Medium,0
ORD-1349,7.697389030713718,3,10.6195460585064,4.414446517485353,High,1
ORD-1350,6.286066973671009,4,2.0244384858238385,4.844061199485829,High,0
ORD-1351,10.349633173665707,13,4.318843595995288,4.72704012370804,Low,1
ORD-1352,8.074976763617869,12,2.3779279444713985,3.8792204091338007,Low,1
ORD-1353,2.3737459114364414,7,4.1695065321133225,3.9071578664513003,High,0
ORD-1354,1.3115405951049433,13,4.357150639031568,3.6880347136885785,Medium,0
ORD-1355,7.88782169937263,11,7.039756731755125,4.005447088576185,Low,1
ORD-1356,0.8048800712286508,1,7.230252620925228,4.999315878078642,High,0
ORD-1357,7.236419184644828,6,13.36541211793309,4.108626752922591,Low,1
ORD-1358,11.312647776387012,3,8.631426262484727,3.8307326520336598,Low,1
ORD-1359,7.117953045572608,11,11.404261952959722,4.643724326713329,Low,1
ORD-1360,4.963954151375002,10,3.3537856529637367,4.313706505193984,High,0
ORD-1361,7.897814512087061,7,4.93070382102802,3.7244021742904287,Medium,1
ORD-1362,5.769908240652441,10,11.138264732722797,4.071034521741298,Medium,1
ORD-1363,6.774593077133252,2,2.6864514860908653,4.121704573309015,Medium,0
ORD-1364,11.326845300930039,14,8.325769609168791,4.630744550853828,Low,1
ORD-1365,4.940180334708904,2,9.791796553618141,3.5310070533378566,High,0
ORD-1366,11.553691483975014,13,9.827893372682254,3.9035294701974657,Low,1
ORD-1367,10.911532382494734,4,2.2981265464845464,4.2763944519732835,Medium,1
ORD-1368,2.7515980500769093,1,6.187404054979412,3.903270113679265,Medium,0
ORD-1369,1.2976549600644027,3,10.274378463639003,4.442651071128498,High,0
ORD-1370,1.6589470158404065,13,3.936996569940165,4.222801218911925,Low,0
ORD-1371,0.7095509949928218,9,11.040403428264693,4.0425653822893715,Medium,0
ORD-1372,1.5860940486931765,7,11.697027714577768,4.923812940305768,High,1
ORD-1373,8.354577894288104,7,14.765599475799888,4.448239248779686,Low,1
ORD-1374,1.3186694572926334,13,4.727945933133323,3.6949120584019117,Low,0
ORD-1375,4.168219748378255,13,12.726698679659497,4.340137546165093,Medium,1
ORD-1376,10.216066076148728,11,8.763855499942503,4.671097779801352,Medium,1
ORD-1377,0.7676272609619974,4,6.855013749874255,4.562734546239196,Low,0
ORD-1378,9.866387549772762,2,3.590897845227313,3.758133843942889,Low,0
ORD-1379,3.741329909894099,14,11.56157288433799,4.958629998560155,Medium,1
ORD-1380,1.858895517649047,4,5.066148788867932,4.173220468619909,Low,0
ORD-1381,8.512477401687732,6,6.828486024349595,3.7385375056103918,Medium,1
ORD-1382,7.7328427379686655,11,2.8130489496657898,3.7702936311922217,Low,1
ORD-1383,10.590928155561109,11,12.417769905653747,3.647352488283621,Medium,1
ORD-1384,8.953317003744687,3,11.965650811631363,4.7052771626524015,High,1
ORD-1385,9.740030699425759,1,11.537005790550062,3.683045741482773,Medium,1
ORD-1386,3.7433975845700247,14,5.892765636394527,3.6876878857126205,Medium,1
ORD-1387,2.5405547534668123,12,4.255240965457444,4.775707422141257,High,0
ORD-1388,9.13206964386987,8,10.288192438112986,4.01690612667134,Low,1
ORD-1389,9.778599501573536,12,8.450162993471853,3.5462868564621086,High,1
ORD-1390,11.890809133007743,13,4.31728206976034,3.5778429492776165,Medium,1
ORD-1391,5.245103284481404,5,10.916846523648228,3.7132556700558434,Low,1
ORD-1392,4.778207986617007,5,14.884643613676948,3.8200900219635345,High,1
ORD-1393,9.428749048532964,11,11.71385464064649,4.497719291357608,Low,1
ORD-1394,4.419240712909705,4,11.619823026912954,3.7359894200027424,Low,1
ORD-1395,11.203709244440994,6,14.354065788097692,3.678311586765608,High,1
ORD-1396,10.371746646194635,3,4.638172778473729,4.647078712214419,Low,1
ORD-1397,5.433431314812711,9,9.352149543978726,4.506582925789871,High,1
ORD-1398,9.13501727960222,5,14.735407295440485,4.152986332182854,Medium,1
ORD-1399,9.177243051973846,3,4.148823442612269,4.323964657220156,Low,0
ORD-1400,1.685924491613225,11,11.103275472778773,3.967976030489628,Medium,1
ORD-1401,10.879358426815017,1,9.615531897634725,4.223750630353041,Medium,1
ORD-1402,6.310402283150357,10,9.62422819845319,4.260008973474118,Low,1
ORD-1403,10.004260860239029,12,11.069718157760978,4.080855906767144,High,1
ORD-1404,4.180570411852035,6,14.085019997383895,4.8598583160082445,Low,1
ORD-1405,10.798517127706305,2,12.173565218067393,3.5240927974715093,Medium,1
ORD-1406,4.975819305442876,13,2.7297693444107303,4.67325689463687,Medium,0
ORD-1407,0.6246329920234311,3,13.085464258384246,3.6865742468619866,High,0
ORD-1408,10.911892728821533,1,4.932037289034524,4.696321040805799,Low,1
ORD-1409,1.549796783040536,9,6.899884141572835,4.423867873515082,Medium,0
ORD-1410,4.172106832289771,8,8.002526576960967,4.764917136404604,Medium,1
ORD-1411,11.425712621084257,12,8.251778009789906,3.646271488461346,Medium,1
ORD-1412,11.431982189781895,2,7.657345190319639,4.338470951149661,High,1
ORD-1413,7.09453571341779,12,14.185592824806237,4.251631820393296,Medium,1
ORD-1414,7.766127939952692,11,11.178247099632319,4.559289774445038,Medium,1
ORD-1415,5.657123502750677,8,10.205218397437182,4.301435827840514,Low,1
ORD-1416,3.871923874527742,12,2.6479463611782403,4.311101850699656,Low,0
ORD-1417,4.2796422717540334,14,13.75087329338487,4.1443939153640965,Medium,1
ORD-1418,8.23396224488594,9,13.82207249610915,3.9632516360110115,Medium,1
ORD-1419,9.15230708853332,1,12.14276982459133,4.223396541878288,Low,1
ORD-1420,9.603159002847258,13,2.091379649577049,3.677738538152601,High,1
ORD-1421,9.58060864213737,5,2.7446432640091034,4.942270008474627,High,0
ORD-1422,1.5488701850599393,8,4.927908129490367,4.571616145439897,High,0
ORD-1423,6.185833504079687,11,3.707542305883787,4.92870067503177,High,1
ORD-1424,1.1619257401914092,14,7.184868386148483,3.840091073494945,High,0
ORD-1425,6.819582146722959,2,13.994099755141265,4.819011530264792,High,1
ORD-1426,5.577600765793836,4,8.136785644560977,4.713184976845308,High,0
ORD-1427,10.708598101720447,7,2.174234143618153,4.51572861868651,High,1
ORD-1428,4.535522644348905,3,5.675693964523906,4.437543779127808,Low,0
ORD-1429,1.8462706889174674,13,2.5797338088485002,3.974824497901805,High,0
ORD-1430,2.1444043436076123,12,2.471739093975528,4.724616177447546,High,0
ORD-1431,9.25737226475093,5,5.584358090242179,4.252273192219601,High,1
ORD-1432,7.609507728137002,8,5.5829604028262905,3.606337363836928,Medium,1
ORD-1433,1.6629107754120878,12,12.232645833820852,3.969294741282695,Low,1
ORD-1434,1.4672282703224706,10,14.672850486154456,4.902945647817991,Low,1
ORD-1435,8.56114501177988,3,6.8256922205699775,4.776020390907269,Low,1
ORD-1436,1.3367745731882255,4,7.575529425193502,4.972858547114809,High,0
ORD-1437,9.951390681839097,14,12.982262671718278,4.4419900739061475,High,1
ORD-1438,8.621785612299707,9,5.485807261241674,3.871265109710618,Medium,1
ORD-1439,1.4355109773818473,14,4.032963457244824,3.7442225745152955,Low,0
ORD-1440,1.475633711979707,14,13.090165104247456,3.7803716609126923,High,1
ORD-1441,11.846355152763518,7,2.6045076237208513,3.5296934875208814,Low,1
ORD-1442,4.8041141511953835,1,10.056092722592403,4.086023166478909,Medium,0
ORD-1443,4.762384691269245,14,9.305907017068488,3.787141520749314,Medium,1
ORD-1444,9.84719502346128,12,6.4969658175220255,4.1174831906850535,Medium,1
ORD-1445,11.393358639914375,4,6.097463774265667,4.902491647758148,Low,1
ORD-1446,11.839012233963015,4,12.034150440361078,4.145810314260785,High,1
ORD-1447,9.163849130477828,9,3.123519939913104,4.816976745477252,High,1
ORD-1448,4.826985233605531,6,5.07819602104801,4.408257149923815,Medium,0
ORD-1449,1.4602582420346908,9,11.521833513895167,3.870697331992088,High,1
ORD-1450,9.437189533165522,12,9.128167588443514,4.033782138888817,Medium,1
ORD-1451,6.921648871961758,6,3.663846710936623,3.625879303732144,Low,0
ORD-1452,5.378553106340227,6,13.46776298566678,4.000193890394016,Medium,1
ORD-1453,10.923075428589463,5,7.11482200532669,4.516311418255301,Low,1
ORD-1454,1.7787710465207405,5,12.762288879188247,3.608166639394153,Medium,0
ORD-1455,6.16518869934488,2,12.240269201860213,3.808102112717044,High,1
ORD-1456,0.6305669148253192,8,10.117530804132464,4.072161562119967,High,0
ORD-1457,5.889597382932452,8,8.428254706836208,4.973074305523944,Medium,1
ORD-1458,1.1474876703411296,11,14.73416092496284,4.67729273443832,High,1
ORD-1459,1.866406037082827,13,3.8845459409376213,4.600230119738156,High,0
ORD-1460,1.8515518379367062,1,11.427024458164492,3.674286434788169,High,0
ORD-1461,7.965918474334731,8,4.485479119042257,4.671493840422487,Low,1
ORD-1462,9.079516111552367,5,6.397420369320529,4.6779032172740225,High,1
ORD-1463,7.2087407986173355,2,6.013083663851538,4.401654043436492,Low,0
ORD-1464,11.564984307457232,14,14.311467840603399,4.985542672997558,Medium,1
ORD-1465,4.811011664522597,2,14.575630311247577,3.987880858886828,High,1
ORD-1466,3.7856889922413983,14,4.379200775051453,4.911908672362777,High,1
ORD-1467,10.488889974178793,6,2.286457083867554,4.872096672434756,High,1
ORD-1468,3.0713521429737054,11,11.36010451562047,3.5172209896240667,Medium,1
ORD-1469,11.57705920356703,13,7.433869140316296,4.175174789712217,Low,1
ORD-1470,0.6397764589328879,9,3.154923186138337,4.96565634957736,Low,0
ORD-1471,11.653606507137848,1,10.888803372501553,3.6546820436121137,High,1
ORD-1472,0.9963389874316253,12,9.086371867389097,4.321677041574979,Medium,0
ORD-1473,10.748145807527818,6,14.746718686014379,4.968436260561656,Medium,1
ORD-1474,6.568562754492448,9,4.956323446197926,4.33324313615879,Medium,1
ORD-1475,11.919095155371954,8,7.251712392245127,3.784722954458234,Medium,1
ORD-1476,1.348660494457087,11,9.053095444140498,4.3732748451388845,Medium,0
ORD-1477,6.869324270615189,6,12.292099849893571,3.80666086092432,Low,1
ORD-1478,11.646979159619638,3,9.134902537360762,4.279556394341727,Low,1
ORD-1479,6.515625207956711,8,9.96770209120534,3.611063326868522,Low,1
ORD-1480,7.738084338555519,9,4.93991167066923,4.408224003821607,High,1
ORD-1481,8.501109923323098,1,13.009943465151277,4.275184908692237,Medium,1
ORD-1482,5.727222244829392,12,7.572197110616185,4.610242053142194,High,1
ORD-1483,7.716917920966729,9,3.8324751577830005,4.446050706738178,Medium,1
ORD-1484,7.219614587115653,14,10.634442888570426,4.324409402796135,Low,1
ORD-1485,10.863317120646373,6,4.809175891408998,4.534668273872182,High,1
ORD-1486,1.0226333739267655,6,3.2683126331108965,3.715912870358346,Low,0
ORD-1487,3.7310766803106485,12,13.20582980925554,4.393039491887906,Medium,1
ORD-1488,11.429732066880426,4,7.982109438349716,3.7581659042341666,Medium,1
ORD-1489,10.738033514745538,1,11.740688265045094,4.888283311777821,Medium,1
ORD-1490,5.740052657035699,10,5.777638277482616,3.6025011572684065,Low,1
ORD-1491,7.631524874717672,8,12.230611753929661,4.14556212453619,Medium,1
ORD-1492,3.689883604283026,2,3.4551670512798944,4.543696216483167,Low,0
ORD-1493,2.663393336823255,12,6.627653859333085,4.187033317502388,High,0
ORD-1494,5.8325316568097945,1,14.71480363365587,3.6381428798493536,Medium,1
ORD-1495,4.563550622299608,2,12.32186631278408,4.330068524190061,Medium,1
ORD-1496,7.212045286285029,1,8.464327094090947,4.462447863241032,Medium,0
ORD-1497,1.3939483250973257,1,6.417107130304506,4.555688466485762,High,0
ORD-1498,11.705540288160915,9,13.337764100292194,4.059889721694138,Medium,1
ORD-1499,11.841423561515434,13,9.083020868098703,4.345489956543143,Low,1
ORD-1500,8.528859711227069,14,11.859525232298445,4.176029712408369,Low,1
ORD-1501,6.665108212957384,1,11.803399844110132,4.5080840581283805,Medium,1
ORD-1502,4.059567587292769,13,2.2332938213903937,4.375335450987228,Medium,0
ORD-1503,9.85864272662991,4,3.641299176303975,4.288634329338702,High,1
ORD-1504,8.374408484369612,10,10.57518176313165,3.874286550257373,High,1
ORD-1505,2.37009480246625,6,4.101057546716328,3.5030277766223508,High,0
ORD-1506,10.975662621679188,7,5.321413480522861,3.7611225129671437,Medium,1
ORD-1507,9.959178293616443,2,14.306293404594893,3.675599062136253,High,1
ORD-1508,11.422699002857126,6,9.282369358873854,4.17362711751642,High,1
ORD-1509,8.84577434646614,7,11.759483590991513,4.418387226142767,Low,1
ORD-1510,7.554274753261583,10,9.253749604174319,3.8196275130272124,High,1
ORD-1511,5.309794917342117,14,9.182676992175427,4.908585643950781,Low,1
ORD-1512,11.226377558571153,10,3.223974831634073,3.5100231938358317,Low,1
ORD-1513,10.459734729254697,2,6.467621503918339,4.658451522748014,High,1
ORD-1514,1.0200147062211782,2,5.671601682924653,4.437807154295664,Low,0
ORD-1515,0.803220206718398,10,7.079468752976972,4.060332201571523,Medium,0
ORD-1516,4.82932871909757,7,12.378474446916268,3.575733416618612,Medium,1
ORD-1517,9.821363303991077,12,6.835124682919243,4.441229857676419,High,1
ORD-1518,11.853675487121862,1,7.872058650011875,4.078420269298472,Medium,1
ORD-1519,2.229794247690574,8,7.165958076309114,4.9044007091198285,Low,0
ORD-1520,7.332503226549554,11,3.214303635678843,4.3129851123346485,Medium,1
ORD-1521,4.880244851256747,13,7.733938057260188,4.909477266940263,High,1
ORD-1522,11.654015574867937,3,4.542920549578696,3.830725540209956,High,1
ORD-1523,10.18436761606065,11,4.427402845049539,4.588588865546155,Low,1
ORD-1524,10.140780104178086,6,3.222469357645463,4.425873531273089,High,1
ORD-1525,5.889971337642158,9,6.636722663842941,4.6091123447469675,Medium,1
ORD-1526,5.2704242768831495,6,11.847264502262426,3.8220017959588053,High,1
ORD-1527,3.6441813272031216,9,5.593741977584148,4.497491774356661,Low,0
ORD-1528,1.1483182114856618,7,6.060538324511676,4.2470605895853035,High,0
ORD-1529,10.444307326933112,9,10.354770549741506,4.614237462359474,Medium,1
ORD-1530,9.848361604995892,2,4.545930563629946,3.9905669662277266,Low,0
ORD-1531,11.996753242790502,12,13.660453095505947,4.835085538197879,Medium,1
ORD-1532,11.961323626349913,8,8.762476802270207,3.6264519719170254,Low,1
ORD-1533,6.887464614430216,8,7.81883822416282,4.710783978186782,High,1
ORD-1534,9.34335527457587,2,9.251662495079618,4.791979438722636,Low,1
ORD-1535,11.364805893647922,12,4.158446074410541,4.725878467050232,Low,1
ORD-1536,10.270944992790232,14,9.975150802309292,4.269089591392664,High,1
ORD-1537,3.344503170046773,4,6.720309576242135,4.157577470046142,Medium,0
ORD-1538,5.681257556066075,14,13.663422432540045,4.994393429787316,High,1
ORD-1539,1.9853332742421923,11,4.19510468680992,3.843757926821243,Low,0
ORD-1540,11.471586813475307,7,8.591664350250735,4.320313948814067,High,1
ORD-1541,7.47100829618512,11,9.775464181797233,4.506013288073488,Low,1
ORD-1542,3.1293922632898212,4,2.433986823222956,4.5513014537921475,High,0
ORD-1543,8.224557870667352,4,6.7280106218298235,3.806036998607868,High,1
ORD-1544,7.608474765265802,6,11.524258051110827,4.480991138509702,Medium,1
ORD-1545,4.618871257377665,10,12.664907596836652,4.727554349722006,Low,1
ORD-1546,1.8059123102957337,6,6.07110593262467,3.5750278652316685,Medium,0
ORD-1547,8.223091749317195,10,12.381712540975766,4.867281939987975,Low,1
ORD-1548,6.483538560393623,3,14.580826402344055,3.544256082717809,High,1
ORD-1549,9.381661504959853,9,13.139361168976222,4.033956548732592,Low,1
ORD-1550,6.481880262787924,12,3.5293718460712276,3.523719794349443,Medium,1
ORD-1551,10.30008725366321,10,11.616494317112029,3.6157177528093727,Medium,1
ORD-1552,6.8469286459065835,14,6.155668821727081,4.866752427770119,Medium,1
ORD-1553,6.9507866726569425,11,14.849407862356994,4.032291246119222,Low,1
ORD-1554,10.581516430570968,2,8.309666781078533,4.1371572956375795,Medium,1
ORD-1555,5.140052961442566,6,3.5916406786662334,3.823016572073829,Medium,0
ORD-1556,2.0411751271823686,12,11.42741212435608,4.39564365528008,Medium,1
ORD-1557,0.8310007776033982,7,6.1991455790207795,4.3922048220166845,High,0
ORD-1558,9.18407844024662,12,14.962016042061602,4.058300587737829,High,1
ORD-1559,7.6335598405648435,13,14.737171952108785,3.9995523077080977,Low,1
ORD-1560,8.596917333141072,9,10.529742234267548,4.827446462270881,Low,1
ORD-1561,2.9490878573524735,13,3.6877438363723285,4.074926359463302,Medium,0
ORD-1562,2.0682719692478524,3,10.929192969775379,4.240251488231612,High,0
ORD-1563,0.6672636551806421,10,3.2093963239803536,3.924957143637396,Medium,0
ORD-1564,4.5317569262758655,3,2.3817340683311,4.680154255035691,Medium,0
ORD-1565,7.284053398828281,7,12.698459800879318,4.096172235348638,High,1
ORD-1566,5.0108065186469215,14,4.7267883198878575,4.270416569816486,High,1
ORD-1567,5.5309616032728846,4,6.927352640848266,3.880035755089492,High,0
ORD-1568,10.897824986678106,13,14.65494606969025,4.981489388511878,Low,1
ORD-1569,4.504937870767954,8,6.378926524194342,3.9372436113855844,Low,0
ORD-1570,6.410879125337824,13,5.854367156683098,4.656113796358327,Medium,1
ORD-1571,9.512009646523145,7,13.936703995096078,4.141243475535139,Low,1
ORD-1572,5.060241996694607,5,3.4397297891464556,3.8093261076262097,High,0
ORD-1573,7.653997052620545,7,11.874571331490213,4.699578145947292,High,1
ORD-1574,10.41718265058757,3,14.844852366486062,4.000410183543565,Low,1
ORD-1575,11.419487172062885,12,13.716848140070434,4.797790021096716,Medium,1
ORD-1576,2.1913450306839364,2,10.471682943183538,4.872885777376735,Medium,0
ORD-1577,11.155757689357186,6,6.082790334905516,4.789735753086914,Low,1
ORD-1578,6.159337370414689,2,5.3061857553181175,3.5525118722102085,Medium,0
ORD-1579,3.469810465438021,3,12.650316363328995,4.681060017507658,Medium,1
ORD-1580,5.780061196740005,6,13.43768488137204,4.117009199748716,Medium,1
ORD-1581,11.770374615782986,5,8.830653863094007,4.810584380273338,High,1
ORD-1582,6.165108080918,8,5.1764192302240595,4.456931394027108,High,0
ORD-1583,4.280643518306345,9,3.4682617093452563,4.750464701215938,Low,0
ORD-1584,7.784109824642346,11,3.133333081813805,4.249147654800253,High,1
ORD-1585,3.2616746159492203,3,11.348006815600122,4.3025382568984,Medium,0
ORD-1586,1.3724282732496351,12,7.461543462020424,3.716581448200501,High,0
ORD-1587,1.9821168019724662,10,13.769678365612315,4.675981038034033,Low,1
ORD-1588,1.9725271480143831,3,11.615726909447927,4.129084417500458,High,0
ORD-1589,2.246880975391385,3,4.486385432889627,4.250120177407374,Medium,0
ORD-1590,2.0965124854682164,13,9.979106444604088,4.677646571143562,Medium,1
ORD-1591,7.870059565236968,13,7.661570907176071,4.398268100119158,Low,1
ORD-1592,2.5916209705901654,6,9.50424649999197,3.801648091164001,High,0
ORD-1593,4.475173758224427,1,11.594898603400724,4.385348988726339,High,0
ORD-1594,10.813066713919136,7,12.48054645304928,4.111449286969483,High,1
ORD-1595,5.950558863023032,12,12.968585243287416,4.204288313065794,Medium,1
ORD-1596,8.176913992991812,1,5.301673369436322,3.5424669116040017,Low,0
ORD-1597,2.481678518818743,14,2.40450279892565,3.8150440242744224,High,0
ORD-1598,2.711323716299714,5,11.61083155714205,3.921557122071542,Medium,0
ORD-1599,0.9699890870645069,10,3.3824684413250696,4.569440011788209,Medium,0
ORD-1600,2.4427532253298923,13,6.09395465196858,3.517238709947173,Medium,0
ORD-1601,3.7037888988675243,8,2.0496227436165126,4.113165891843698,High,0
ORD-1602,2.5356205691825884,4,10.86170327122106,4.886040305638599,High,0
ORD-1603,1.5200791382061396,5,4.172716149125876,3.667820924823686,High,0
ORD-1604,1.8873125176569094,4,10.518671325991557,4.274636582327917,High,0
ORD-1605,5.798955832376347,12,14.892654023181905,4.6797835735862705,High,1
ORD-1606,2.872837761666614,12,2.9447213309302116,4.913796961280175,High,0
ORD-1607,4.689103402052868,14,3.0020141553689887,4.620164959300577,High,0
ORD-1608,6.289298614830854,4,6.424941204666774,4.5808483229666095,High,0
ORD-1609,8.4395405292377,12,13.263024685267446,4.739732135293644,High,1
ORD-1610,0.9520896081726378,8,4.8018882942873145,4.169301831466315,Medium,0
ORD-1611,9.69321958745399,2,6.684911659094518,4.708766798926749,High,1
ORD-1612,7.720854479145439,1,2.8905702861507345,3.5119466071181766,Low,0
ORD-1613,1.440228867412027,3,11.921018786365561,4.886841583065207,Medium,0
ORD-1614,10.546154177227939,9,7.307982455872864,4.164959764275763,High,1
ORD-1615,11.090032606115852,4,11.870233529790957,4.330070281798621,Low,1
ORD-1616,1.2023965383309332,10,13.746901976508337,3.8823233733723237,High,1
ORD-1617,3.6840929536928426,5,5.025920912316754,4.613796249260632,Low,0
ORD-1618,9.771314717620205,2,12.496148394419368,3.614953709712873,Low,1
ORD-1619,9.104986439412071,4,2.7682205710172925,4.808953703820253,Low,0
ORD-1620,2.6219917225983393,2,13.685016046343215,4.742175243509514,Low,0
ORD-1621,2.9075172183721687,2,10.459991118263716,3.8240901743671496,Medium,0
ORD-1622,4.760429182100893,4,13.36494741379857,4.713986597427894,Medium,1
ORD-1623,6.072014329696746,6,2.002449194235565,4.679536599592222,Low,0
ORD-1624,7.6099298725984035,7,4.198053914627902,4.448324896630924,High,1
ORD-1625,4.742506855052382,10,7.066872036544397,4.060280265349531,Low,1
ORD-1626,5.819149235531201,3,6.933537743871342,3.9072481312728016,Medium,0
ORD-1627,9.0959157885382,3,4.947494978005638,3.847675385434025,High,0
ORD-1628,0.9218568332418758,10,6.960955218273601,3.9779134441454107,Medium,0
ORD-1629,3.4030248599562385,6,3.6750332560033128,4.855337665148795,Medium,0
ORD-1630,8.703520237672354,13,7.3658946804583385,3.616461163983172,High,1
ORD-1631,10.794878633402792,12,12.430606279070435,4.743306914379438,Low,1
ORD-1632,6.38429058433016,3,8.227910820343567,4.0233351125627355,Low,0
ORD-1633,6.61930508055113,13,2.234001156287795,4.2823990940170376,Low,1
ORD-1634,1.7324781304074246,2,7.478772540530216,4.691728450472736,Low,0
ORD-1635,5.645242218469728,8,2.353275209180974,4.826564820534457,High,0
ORD-1636,6.625098564232767,5,14.561164339188377,4.01717213010897,High,1
ORD-1637,3.288410791799391,1,3.656901472497297,4.192765221912666,High,0
ORD-1638,3.596297155917881,3,11.199948242298044,4.121774097225188,Medium,0
ORD-1639,4.8387678757031605,10,14.646092197597115,3.5198765502558658,High,1
ORD-1640,0.7308187744438532,8,12.738507671665435,3.943914333287985,Low,1
ORD-1641,4.2039104042065505,4,11.091099876640648,4.188783850598843,Medium,1
ORD-1642,2.9316520804602635,14,12.91299182350997,4.11664041332066,Low,1
ORD-1643,4.266219550046019,7,14.763383012388159,4.582893841273519,Low,1
ORD-1644,1.877264515921389,10,10.077478464295885,4.077205425831655,High,1
ORD-1645,10.741063728508792,12,9.269402488781244,4.234064673456006,High,1
ORD-1646,7.32631321587156,14,10.167095436022658,4.144412888198545,Low,1
ORD-1647,8.30967667016163,14,8.924786527900213,4.610939223341556,Low,1
ORD-1648,9.57546924398439,2,10.256158376826344,4.7944585984804435,Medium,1
ORD-1649,6.232085287684159,7,7.8479487036432705,4.297833618511271,High,1
ORD-1650,1.4995833130053724,5,4.839761377482993,4.684148291292787,Medium,0
ORD-1651,6.676725230913299,5,3.563213944651783,3.945180023029776,Medium,0
ORD-1652,7.24867285724011,6,2.8884321619193853,4.312054415235903,Medium,0
ORD-1653,9.072553953119796,13,5.423105188791601,4.017844930504959,Low,1
ORD-1654,5.464084781641313,9,2.59960633636454,4.121301388357745,Medium,0
ORD-1655,1.9671734821489832,14,9.373220138952012,4.598620797219002,Medium,1
ORD-1656,3.7634229166853315,6,5.689769811305764,4.822493723499069,Low,0
ORD-1657,4.675446408584303,12,12.718952505131417,3.6822430866316482,High,1
ORD-1658,7.928048275313414,13,2.965131348849024,4.451958884731071,High,1
ORD-1659,7.063950503692487,14,4.942569426439317,4.373215711366698,Medium,1
ORD-1660,4.595112347825232,8,11.493199912171896,3.6776225587638978,Low,1
ORD-1661,11.844925361119266,7,9.784507852985389,3.8178414956601636,High,1
ORD-1662,7.466410422604202,9,2.838386526239178,3.9665037420990203,Medium,0
ORD-1663,3.2281081049639364,4,13.404112943108606,3.750396606226252,Medium,1
ORD-1664,1.670498435134643,2,13.404402916740334,3.8655942237865126,Low,0
ORD-1665,2.2578801006198184,7,6.29530405038506,3.9014011982925614,Medium,0
ORD-1666,3.3285138764218436,6,6.425275963544341,4.00351074955859,High,0
ORD-1667,2.34783579248489,1,14.85736865855226,4.624085679201738,Low,1
ORD-1668,2.645520776590016,11,10.140290230710796,4.357868305775901,High,1
ORD-1669,3.7785944399792415,9,8.907114767384769,4.979370007927102,High,1
ORD-1670,2.4937963458896806,9,12.895978386175019,4.122103740451206,High,1
ORD-1671,10.81280238320389,12,5.708774398645113,4.630797610755387,Medium,1
ORD-1672,1.4226880751088853,2,7.57937371415264,4.807202632064801,Medium,0
ORD-1673,6.531880980057929,3,5.481096781348344,4.518467739557063,High,0
ORD-1674,5.219563510381107,5,12.25909100565351,4.117797110626244,High,1
ORD-1675,11.797354094448973,5,9.453541493257834,4.630391946118629,Low,1
ORD-1676,1.788447374932602,1,10.564725911820917,3.805500706659027,Low,0
ORD-1677,5.075339389026029,8,5.279994247912285,3.991328247770199,Medium,0
ORD-1678,11.648909982666742,12,4.862928917905096,4.320027882648933,Medium,1
ORD-1679,10.453331947780773,8,8.348870176778203,4.363114080929223,Low,1
ORD-1680,9.89632881591672,4,11.588354738206748,3.533212213208944,High,1
ORD-1681,3.465882511016808,13,8.828116847762082,4.917671283134013,Medium,1
ORD-1682,2.465207254985757,7,2.4243938080936918,4.544940906826085,High,0
ORD-1683,8.189397029130957,11,13.291169582163754,4.243555625347836,Low,1
ORD-1684,11.187823874967236,10,2.8409296156967105,4.899690851612462,Medium,1
ORD-1685,6.902773269660193,3,14.42571828836978,4.158643347876243,Medium,1
ORD-1686,7.073545928903848,6,2.3268454576045454,4.970653355405558,Low,0
ORD-1687,3.719759577093268,14,11.027855929699214,4.2684271358652275,Medium,1
ORD-1688,9.349168731707275,10,3.0686918282531614,3.6714286549969692,Low,1
ORD-1689,2.6510031084115186,13,13.838795532656814,4.647201458688916,Medium,1
ORD-1690,4.222311218648802,10,8.037632070932055,4.518346587616761,Low,1
ORD-1691,5.392519044088793,12,3.7878090726212,4.65948008195838,Medium,1
ORD-1692,6.337519354871233,14,6.430604097268006,4.927163043088521,High,1
ORD-1693,3.287711922773423,9,4.142720779507906,4.664733953976527,High,0
ORD-1694,1.8206234845008407,1,4.21756485024217,4.417004903324971,High,0
ORD-1695,7.5221304880787745,5,14.325408162228749,4.785963353541261,Medium,1
ORD-1696,3.8192513622629414,4,7.788199459702247,4.509869659031797,Medium,0
ORD-1697,7.1842395463600415,8,12.254429430769674,4.112178585238885,High,1
ORD-1698,2.2751712256533265,11,10.314872295309865,4.82842964636266,High,1
ORD-1699,6.033111171330401,12,10.7935427103991,3.832850691176559,Low,1
ORD-1700,6.624778474343238,1,3.7120147001365007,4.571961912363086,Low,0
ORD-1701,1.0959706734579093,9,5.044397808601314,4.822345182411135,Low,0
ORD-1702,4.370949199230086,6,12.22775435700768,4.5969747795549445,High,1
ORD-1703,2.045768784798204,4,14.61996068417218,4.545913128580786,High,1
ORD-1704,1.2288121604368292,12,5.4147833537824726,4.6289574411077545,High,0
ORD-1705,11.88454267248437,9,5.530393941763518,4.197582872450966,Low,1
ORD-1706,4.207069217209314,11,8.147662726541764,4.811256023235539,Medium,1
ORD-1707,9.813556127328301,5,14.789924067120692,3.805154712704137,High,1
ORD-1708,3.4283675297832845,5,5.496466295744124,3.691079624000509,Medium,0
ORD-1709,8.337281305575186,12,7.29063482524543,3.9282631701777673,Medium,1
ORD-1710,9.242620388731396,5,13.589240203105588,4.29736609516249,Medium,1
ORD-1711,7.349845516990209,1,2.0379734240777063,4.265842693114007,Low,0
ORD-1712,5.923126168326821,1,2.516957544851404,4.73089813651488,Medium,0
ORD-1713,5.2361705126935885,8,9.85293180192585,4.106852984606026,High,1
ORD-1714,4.5119850652444455,12,13.79594214126701,4.226516639437263,Low,1
ORD-1715,11.189585158849997,8,5.105136585225059,3.5200515248890936,High,1
ORD-1716,10.052123189558886,12,8.105343070849216,4.114608854664409,High,1
ORD-1717,11.597809472664895,6,7.856048921551638,4.4716613494255135,Low,1
ORD-1718,1.9294180700837644,12,8.148627499241632,3.523262495939888,High,1
ORD-1719,8.90497596484191,11,10.092756044486688,3.9213229477793656,High,1
ORD-1720,11.290915253441936,13,8.106668918878889,3.811934538934085,Low,1
ORD-1721,2.5841802609050917,4,7.817085837191952,3.5629781433643823,High,0
ORD-1722,1.2647070747179412,2,8.165749465606387,4.218890134871806,Medium,0
ORD-1723,9.022887466835678,14,9.68127673652354,3.772584939842235,High,1
ORD-1724,7.106440801568986,2,8.981097348567658,4.61462230944707,Medium,1
ORD-1725,10.181030932720128,9,13.103767969456555,4.771891825645023,High,1
ORD-1726,2.107382331202329,5,2.6434590954176658,4.3183777740037215,Low,0
ORD-1727,9.645574086388738,4,12.833121929149161,4.9725610137817124,Low,1
ORD-1728,2.818714180549062,10,12.971019963952413,4.175717857205893,High,1
ORD-1729,2.382043342955602,13,5.70380427990249,4.270052315337374,Low,0
ORD-1730,2.389056676206419,1,8.017075415206058,4.983826630936625,High,0
ORD-1731,9.867609282660894,7,7.701000350986662,3.847322653947573,Low,1
ORD-1732,8.1497680380063,3,4.840627846603693,4.913818909515358,Medium,0
ORD-1733,6.515252384844873,6,7.158359012122114,3.56425633267867,High,1
ORD-1734,4.626550567420279,5,2.5770410382211075,4.169580335394793,Medium,0
ORD-1735,10.587806219350746,5,5.611686946162548,3.6050052681995988,Medium,1
ORD-1736,5.013118735360307,11,12.616868280859336,4.593852114370464,High,1
ORD-1737,9.890893553923137,5,5.699309922917668,4.412613403820027,Medium,1
ORD-1738,5.550051448557512,1,12.636686693727219,4.559951395201395,High,1
ORD-1739,4.834860938386437,1,8.910793039857602,4.061720599952025,Medium,0
ORD-1740,5.820817535200474,3,13.438214805695079,4.054222901047071,High,1
ORD-1741,3.9658455528876337,14,9.472134205437397,3.5679789184413417,High,1
ORD-1742,9.097507872026888,12,2.385686899841618,4.02491740929446,Low,1
ORD-1743,6.281284486063511,10,10.78046269811216,4.89393260339309,High,1
ORD-1744,3.170445994188399,4,2.5830963843063923,4.068839805770674,High,0
ORD-1745,10.845107592657538,5,7.857761246780742,4.747051559332955,Medium,1
ORD-1746,4.914749045791932,2,14.082547028150483,4.7634882571249015,High,1
ORD-1747,6.750857902810869,8,4.147651211392052,4.059861734568851,Low,0
ORD-1748,10.92442927609229,11,7.068340588240074,4.447983020594283,Medium,1
ORD-1749,7.678736953010909,11,11.48818401503022,3.643057403409588,Medium,1
ORD-1750,1.8443274681461868,14,13.46936122923302,3.6555178711014147,Low,1
ORD-1751,11.308069421554963,2,10.722259061652602,3.57298649549257,Medium,1
ORD-1752,7.7186426103213055,9,5.356252304485199,4.371522640062664,Medium,1
ORD-1753,4.351414568556491,2,10.76990208791081,4.139106466439145,Medium,0
ORD-1754,2.1016288356289534,13,5.85745933435317,4.322048534996361,Medium,0
ORD-1755,9.631289676608404,9,11.339579987643559,4.281609785762582,Low,1
ORD-1756,7.630836693177906,7,14.402430658605526,4.025304486636095,Low,1
ORD-1757,6.6348025577276974,8,11.378114864381747,4.51621012223521,Medium,1
ORD-1758,10.779764705086013,11,13.217446537861361,4.637752821374586,Medium,1
ORD-1759,9.568867929082103,2,2.0273499612864843,3.5219423883165137,Low,0
ORD-1760,2.2442611169266384,7,11.328437621510727,3.8108634496533176,Low,1
ORD-1761,4.084803779648805,12,12.784638239248254,4.569853802125005,Low,1
ORD-1762,3.357625107866356,6,2.5272635880808583,4.079930258950752,Medium,0
ORD-1763,9.055382364585785,4,13.330770454746999,4.4937259204124125,Medium,1
ORD-1764,0.8856229994614628,7,5.337024968030596,4.020443989601837,High,0
ORD-1765,7.05373137602014,14,10.648797325714717,4.086132728494456,Low,1
ORD-1766,9.268274886017942,13,12.404613427304286,3.7380183105345273,Medium,1
ORD-1767,10.582804822760119,4,10.61463866977162,3.88734652949924,Low,1
ORD-1768,4.433940110232935,2,3.199702296952344,4.408117636261381,Medium,0
ORD-1769,9.944459003728149,10,9.752179745184788,4.149744666972749,Low,1
ORD-1770,1.7722649749848831,12,9.144587537387867,4.6614540244168925,Medium,1
ORD-1771,10.23420135494696,7,13.70417648496553,4.778877432407514,High,1
ORD-1772,1.9661196168177977,8,7.255116485374719,4.3124696273251395,High,0
ORD-1773,5.068803841444224,2,6.174054262131651,4.637400938084088,Low,0
ORD-1774,9.668896706464867,5,11.74805993767406,3.960356769791855,Medium,1
ORD-1775,2.2240504145108986,1,7.364779239084156,4.1224568231001175,Medium,0
ORD-1776,3.136391045175377,7,10.39925027506582,4.5691665143252465,Low,1
ORD-1777,8.805904536520263,8,10.403851171619891,4.079317989225546,Medium,1
ORD-1778,8.780420170279855,13,13.544507836681532,4.382757402738483,Low,1
ORD-1779,7.873197778180919,6,9.783001230148265,3.7780591686237672,Medium,1
ORD-1780,8.480407111371651,5,8.527996929505829,4.399656972455747,Low,1
ORD-1781,6.741331098497356,6,3.805327243154721,4.792270560840341,Medium,0
ORD-1782,3.395689177429957,2,3.5045888868231696,4.802959459735138,Low,0
ORD-1783,4.475503925295074,1,4.006180348680032,4.58651660949431,Medium,0
ORD-1784,2.5883737432163954,7,4.234030257252229,4.6186300686141895,High,0
ORD-1785,10.947181455336725,7,10.29240220462724,4.336891167726051,Medium,1
ORD-1786,7.2090056398103854,10,11.632756253569521,4.377002135248738,Low,1
ORD-1787,5.109791292781859,11,8.889889798043443,3.700475872115777,High,1
ORD-1788,5.813066741907526,10,12.777230523091383,4.165788782631951,Medium,1
ORD-1789,11.393758405535877,14,14.886421947537231,4.176164425829546,High,1
ORD-1790,2.263541135834922,2,12.660164178551629,4.93774675350161,Medium,0
ORD-1791,7.241643068193168,2,11.033470857787469,4.146630293934934,High,1
ORD-1792,6.3177198071713585,1,8.922405092682906,4.324013967354136,Low,0
ORD-1793,7.53172370749845,10,7.835089931771207,4.299877098918653,Medium,1
ORD-1794,0.7082671139396659,8,3.0971009470790505,4.455142575566491,Medium,0
ORD-1795,10.529424952857742,8,7.191793729130982,4.622349246997844,Low,1
ORD-1796,11.219360248561543,1,13.831750278167744,3.8375628142563083,High,1
ORD-1797,6.999031611275903,12,12.504294188785188,4.293086628647654,Low,1
ORD-1798,8.511484474584261,11,4.808667745151934,4.738876560974045,Low,1
ORD-1799,11.1087428835389,8,8.065901201063806,4.194672070756267,High,1
ORD-1800,8.633244294604085,9,12.61740163326108,3.9176863195603593,Low,1
ORD-1801,2.2541989935140054,14,2.8759992122117928,4.482063613034448,Medium,0
ORD-1802,7.127316141918351,4,7.036103613692571,4.735651093698684,Medium,1
ORD-1803,7.477223033402843,1,13.073936079361319,3.594710439391087,Medium,1
ORD-1804,5.377502719977439,1,7.250672234211609,4.665185725110841,Low,0
ORD-1805,8.969108709684313,3,3.008990381508731,4.732471899442657,Medium,0
ORD-1806,11.24522066984367,14,9.052946790919268,4.19228439138291,Medium,1
ORD-1807,11.144037898427928,5,13.202652433937839,4.974958485227701,Medium,1
ORD-1808,5.684652771147519,5,9.673712058391075,4.680062511060964,Medium,1
ORD-1809,1.8022375271686855,9,4.941628406785013,4.660493847343499,Medium,0
ORD-1810,11.825673788066847,10,6.995115061785957,4.621757861618107,Medium,1
ORD-1811,10.147327994128242,14,7.851603695365118,3.725912154827411,Low,1
ORD-1812,1.9336208338375687,12,9.530462599666848,3.825846329679516,Medium,1
ORD-1813,11.08968165009978,2,11.87156333478397,4.195985197196638,Medium,1
ORD-1814,10.503808163714476,2,3.28535702932826,3.8960065249391986,High,0
ORD-1815,6.466637656949829,6,13.565476429228362,4.122861458501061,Low,1
ORD-1816,7.299667511066686,9,2.160026139208983,4.832696164884381,Low,0
ORD-1817,5.088531094506498,1,6.810680350765319,4.736490337818903,Low,0
ORD-1818,1.1297588464533603,9,2.3564640296445494,4.445059817719973,Low,0
ORD-1819,4.35476827892786,9,7.1086649294887865,4.787180591376655,Medium,1
ORD-1820,9.732814658877132,13,8.835563785353209,4.675658583525873,Medium,1
ORD-1821,0.5532682645529329,9,8.651858025559653,4.143477397761336,High,0
ORD-1822,4.335240474448158,5,4.15316851136745,3.801597728074918,High,0
ORD-1823,5.078939976295848,13,10.394626631242959,4.271301560014009,Low,1
ORD-1824,6.680049433786113,9,2.582119856560687,4.6043433237928255,High,0
ORD-1825,11.078339588746745,11,11.9047886617214,4.154629398094389,High,1
ORD-1826,4.482978935208554,4,14.306377641916102,4.500157864675845,Low,1
ORD-1827,4.489961821806618,2,6.416994752964532,3.6414911394365657,Low,0
ORD-1828,8.981264353262107,13,8.724111962286315,4.622007104557105,High,1
ORD-1829,5.700506320232782,6,6.925833614764587,4.719070429839594,Medium,0
ORD-1830,3.0829554638097925,14,2.0872350739527796,4.560256783670812,High,0
ORD-1831,5.703054435525974,4,7.016368537636507,4.950895381289548,High,0
ORD-1832,2.1198557343676985,6,12.292363370397505,4.739978086190961,Medium,1
ORD-1833,2.528450344821568,3,9.747854948385264,4.854640591814808,Medium,0
ORD-1834,6.231229386504017,6,3.316378889997066,4.900356625186472,Low,0
ORD-1835,5.317642669302301,2,13.012813366019206,4.702021987810713,Low,1
ORD-1836,11.02072786228315,2,8.904109483508158,4.511388263009748,High,1
ORD-1837,4.667529839841281,13,12.942403702680789,3.508577872041184,Medium,1
ORD-1838,7.1767660281975,9,9.542879744205383,4.198738629834687,Low,1
ORD-1839,7.771039311074599,7,9.275949782893218,4.356743447933542,High,1
ORD-1840,0.6505862507658369,3,3.368369407561161,3.9560454086719994,Medium,0
ORD-1841,8.130679778192171,13,4.175676530802163,3.977156670355208,High,1
ORD-1842,2.5474136190021412,11,14.636328334455685,4.941739123565248,Low,1
ORD-1843,11.552308650898734,1,4.97032770781202,4.837566297804119,Low,1
ORD-1844,2.209621369160799,8,14.706877533874783,4.773768508252556,Medium,1
ORD-1845,5.268177422860773,14,8.914865184815424,4.109017702559166,High,1
ORD-1846,1.4815211829044044,6,3.7652576118311827,3.520547825613372,Medium,0
ORD-1847,11.964053896228394,7,3.290928635798008,3.6203333696835713,Low,1
ORD-1848,6.27524261880929,9,4.715232919174619,3.9682945523264053,Low,1
ORD-1849,7.346927699180504,5,14.033285290329365,3.5236143694935156,High,1
ORD-1850,1.271379489966916,1,7.383952916266948,3.5257246728727973,High,0
ORD-1851,9.124545409590544,12,7.140645483907887,4.874904952463616,High,1
ORD-1852,2.913914320599236,10,6.071681393912263,4.559237753178581,Medium,0
ORD-1853,10.827624328568207,7,3.911804057365649,3.963433985102229,High,1
ORD-1854,2.8591058655430825,5,8.342065563501283,3.6989668664014297,High,0
ORD-1855,2.692908787632166,3,3.690621172644803,4.267453576842616,Low,0
ORD-1856,0.9203211802530911,12,12.86124307297026,3.5080192412815467,Low,1
ORD-1857,5.9287698687649915,13,6.815160821578984,4.907620615787216,High,1
ORD-1858,6.995673032520089,9,6.8724463811633525,4.122222679083421,High,1
ORD-1859,1.2556493534260522,1,8.162083570281027,4.103502432855999,Low,0
ORD-1860,9.418567591992622,1,7.773660271154771,4.085890411372674,High,1
ORD-1861,5.712821599602318,1,14.93315364977118,3.603992495581647,Medium,1
ORD-1862,6.53048809726717,3,9.089954575837933,4.45748335968774,Medium,1
ORD-1863,5.568771589789623,12,3.146622149268319,4.59950542944253,Medium,0
ORD-1864,5.1087752000662485,6,9.88940544050009,4.514188096382435,High,1
ORD-1865,6.935863810044506,10,3.9705958073084395,3.7076532399940914,Low,1
ORD-1866,2.285262828203194,11,2.4021893815074455,4.368260252053389,High,0
ORD-1867,2.592173500695618,3,14.619647997804226,4.35422672625838,High,1
ORD-1868,10.410534641655449,8,12.056005589949331,4.802616181912073,Low,1
ORD-1869,11.380327814536777,14,14.74141690137897,4.068691487563471,Low,1
ORD-1870,4.793057137217159,14,8.212419824289151,4.057228915489151,Low,1
ORD-1871,3.6135637411508683,10,8.91934790493669,4.427790588077278,Medium,1
ORD-1872,7.905994747248681,2,4.188380426948693,4.44960898024927,High,0
ORD-1873,5.200442967628109,14,5.2097965466786125,4.203927840988685,Low,1
ORD-1874,0.7919430900939659,9,12.901139793736766,4.164589043495631,High,1
ORD-1875,2.295754869711189,3,6.630413412528724,4.241221505956824,Medium,0
ORD-1876,8.733680631745072,5,12.748594659353447,4.791567949254968,Medium,1
ORD-1877,8.07762533196674,10,11.217178415731414,4.191750351880865,Low,1
ORD-1878,0.8116039137900601,8,4.303222028534252,4.909897687954734,Low,0
ORD-1879,3.0526798622289184,2,8.596802759556649,4.256005645394489,High,0
ORD-1880,3.157360160762821,6,10.806035179743319,4.923801039771337,Low,1
ORD-1881,8.226766551385378,12,5.055483792449726,4.749247852803613,High,1
ORD-1882,0.7266711841751878,5,12.798950636760999,4.043646983923743,Low,0
ORD-1883,1.6972486928225992,13,9.082759548087427,4.795462131944924,High,1
ORD-1884,9.699034981791678,10,4.148146655753841,3.665094926301673,High,1
ORD-1885,2.5532636136248366,9,9.578797540139831,4.887570763014522,High,1
ORD-1886,8.00658024029656,12,14.996279454026883,4.4474652726243376,High,1
ORD-1887,3.239101982037355,5,3.956779391624376,3.5815861227834667,Medium,0
ORD-1888,1.6435760167324693,2,12.617840091553866,4.466385085476217,High,0
ORD-1889,3.296480196493722,5,4.695017041438254,4.961371481217134,Low,0
ORD-1890,8.80606971634008,12,12.171048282981134,3.6047009819219435,Medium,1
ORD-1891,10.340509383222287,4,11.549513000578372,4.33203156467013,Medium,1
ORD-1892,10.047528442520404,11,5.906362012805621,4.621691524639059,High,1
ORD-1893,5.06761059061223,7,6.235700528337848,4.715387880049297,Medium,0
ORD-1894,8.182979070562432,6,12.302778095517949,4.120741197981194,High,1
ORD-1895,2.857319397281941,14,7.998791654535064,3.8062498387523647,Low,1
ORD-1896,3.8711988980016523,2,11.500634373253515,3.5635134181585757,High,0
ORD-1897,10.807861912992877,12,3.923793915755852,4.3695892356458375,Medium,1
ORD-1898,0.6495221203734645,11,13.083251164720195,4.179366605401416,Low,1
ORD-1899,1.483348104826383,11,11.24150131687015,4.923116592724567,High,1
ORD-1900,2.8906919341793142,13,13.79025651485284,3.5909073615723646,Low,1
ORD-1901,0.8051203445489268,5,3.720840927454642,4.528093015169008,Low,0
ORD-1902,2.586507503532669,7,9.70918850468777,3.537449333180086,Medium,0
ORD-1903,7.20497795115146,11,9.788567605524227,3.757151265065814,Low,1
ORD-1904,5.346382331813726,7,6.594989627108172,4.180368499884251,Medium,0
ORD-1905,10.765724677385212,5,7.960063519400351,4.182308664204302,Low,1
ORD-1906,9.90060095999207,12,2.493760322768095,4.528550814400466,High,1
ORD-1907,4.430899544525573,9,11.696180502151156,4.865319552301635,Low,1
ORD-1908,3.4833694844598635,4,9.141192232241263,4.458548238372381,High,0
ORD-1909,4.86646269392357,11,2.750633674299259,4.930302646777263,High,0
ORD-1910,7.288391838920289,3,10.849826608486312,4.822423459816997,Low,1
ORD-1911,3.582731869463077,4,8.068167004005442,4.376749693296185,High,0
ORD-1912,7.677712440265041,5,2.447996372525,4.750687926378241,Low,0
ORD-1913,5.208234000199265,13,14.60490044902524,4.463866415485451,Low,1
ORD-1914,6.848542579797773,6,14.338457860162727,3.6178367463855907,High,1
ORD-1915,5.515455085056142,3,8.667731409913568,4.610847084889265,High,0
ORD-1916,3.886356234732053,2,3.2177414691768327,3.642362661901019,Medium,0
ORD-1917,11.407213030064803,14,11.810075880781694,4.391124170854568,High,1
ORD-1918,9.28146663283725,13,8.395104301374477,4.553960308787343,Medium,1
ORD-1919,2.1113015213142043,4,5.931817217761939,3.599791412316283,High,0
ORD-1920,10.487381722825997,5,8.388436307871238,3.8461919808897975,Low,1
ORD-1921,6.105458779869407,4,8.791773890271038,4.873508348392475,High,1
ORD-1922,10.78735060928205,14,9.31525208729041,4.424471738349345,Low,1
ORD-1923,9.698335443394125,11,7.735908277519245,3.8694290282157975,Low,1
ORD-1924,5.389955301396185,13,9.874818940807737,4.53601965672201,Low,1
ORD-1925,0.75839704568135,12,13.943551237882906,4.395164629942535,Medium,1
ORD-1926,3.58978963292688,3,6.709485132281685,4.2523635498769226,High,0
ORD-1927,6.72879346859997,8,11.434314021859338,4.964280462482126,Low,1
ORD-1928,7.784999528000694,10,13.627883238715018,4.525180666111263,Low,1
ORD-1929,3.4657083824818264,4,7.92773058487918,4.063161664501869,Medium,0
ORD-1930,2.1025948518374777,14,7.764925872964754,4.700110148115302,High,1
ORD-1931,10.10169772319194,2,9.827520809612134,4.826874939381781,High,1
ORD-1932,11.820625078090849,2,9.688287872492346,3.687830839275247,Medium,1
ORD-1933,6.545437096480887,1,12.4856614502416,3.8008294667678997,Medium,1
ORD-1934,2.4743117872554903,13,8.194283989117805,3.8243405136916695,High,1
ORD-1935,3.6315342549727427,4,14.949598345312735,4.5368177140798105,Medium,1
ORD-1936,0.7114927802958675,10,2.77313039527465,4.404559332579925,High,0
ORD-1937,11.014436275445739,9,2.0411820315491225,4.4284873470478825,High,1
ORD-1938,1.854137453236623,14,10.32257805027511,4.911159949534252,Low,1
ORD-1939,7.129939468413916,11,5.879653860704397,4.663867299210959,Low,1
ORD-1940,3.651635037902869,7,5.124971053093289,3.691905386767675,High,0
ORD-1941,6.873047028931624,12,6.054688040055646,4.0212606236377715,High,1
ORD-1942,7.991334466046439,10,5.328618346364406,4.153090469263604,High,1
ORD-1943,10.042030742632818,7,2.400270645585822,4.093942383121408,High,1
ORD-1944,2.873844625246937,13,14.629929551077653,4.503962913742819,High,1
ORD-1945,0.6264520295725255,7,4.869691349886162,4.837839654884844,High,0
ORD-1946,2.0741847457912836,8,11.542386913660982,3.959077195284182,Medium,1
ORD-1947,10.850214381253208,1,11.91375313102428,4.327815704631778,High,1
ORD-1948,10.549735891968925,10,14.08034617409398,4.684114132870379,Medium,1
ORD-1949,7.3702506749585455,13,2.3971429422139394,4.124327088268024,Medium,1
ORD-1950,7.405943894987014,10,13.3366283998111,3.7521771925989436,High,1
ORD-1951,8.147921757281939,8,8.853940350917403,4.212426447895623,High,1
ORD-1952,2.51676970416967,4,10.223073429555763,3.5828337811145428,Medium,0
ORD-1953,11.015737378137038,4,10.378113602573437,4.913575181003415,Medium,1
ORD-1954,5.315861036258841,4,12.657371464801457,3.6122318077924596,High,1
ORD-1955,4.90609307486922,6,6.334295188068436,4.157685072875867,High,0
ORD-1956,6.467553610752631,7,11.529665468179914,4.29482189163279,Medium,1
ORD-1957,1.0401086179131331,6,8.871515426388562,4.9779557484309285,Medium,0
ORD-1958,2.412258740694913,1,12.31412218596952,3.749032735464291,Medium,0
ORD-1959,8.98738658890326,12,14.877098426011734,3.671647277918538,Low,1
ORD-1960,1.4521846811389545,8,4.608463226248896,3.5130592205938154,Medium,0
ORD-1961,7.436249258863464,13,14.930432340279973,3.7333571553039535,Low,1
ORD-1962,3.321514761335191,10,3.167558005676062,3.8109094686015013,High,0
ORD-1963,4.97689956148273,11,2.03012812276258,4.445871412374639,High,0
ORD-1964,3.8199779728630485,13,2.5741051703118063,3.8295601855871007,Medium,0
ORD-1965,4.590236239346915,7,6.443171261577902,3.530781222093988,High,0
ORD-1966,8.769027909618822,6,10.227782298819644,4.739927518253733,High,1
ORD-1967,3.916899729666513,6,2.897384031542045,4.04839355150595,High,0
ORD-1968,7.013653363414318,5,2.0736555888843746,4.030545029871101,High,0
ORD-1969,5.974579625289646,6,14.182183369964331,3.95371854375189,Low,1
ORD-1970,8.132218401670453,12,12.685046267219086,4.963059915719631,Low,1
ORD-1971,11.273542002234716,9,12.519381224807404,3.755173125963922,Medium,1
ORD-1972,8.924579117917878,10,13.497515581525702,4.847357095929853,Medium,1
ORD-1973,2.971814353793703,9,11.100445546037356,4.665204998209832,Medium,1
ORD-1974,0.8586060532047737,10,3.3572536867250586,3.6147199332489697,High,0
ORD-1975,3.5160365094479884,8,7.188302444958399,4.9800936522512735,High,0
ORD-1976,7.34339620305293,10,11.400943324040183,3.907048945308516,Low,1
ORD-1977,1.091396855068879,9,5.644347990289772,3.6478743905336186,Low,0
ORD-1978,6.208211842814218,13,10.936282733771089,4.743971351188639,Medium,1
ORD-1979,7.363692762544226,10,2.3184798274794804,4.56001330051655,Low,0
ORD-1980,4.343804744395049,8,5.979785431434712,4.425828208816851,Low,0
ORD-1981,9.365490343076953,8,9.138694371603245,3.7339712955484,Low,1
ORD-1982,1.7258799110383758,1,10.21716778358115,4.217744174383943,Low,0
ORD-1983,1.3640844899618008,10,9.50152863800484,4.670834040330821,Low,0
ORD-1984,8.874170696341439,11,11.070831588954583,3.9554359072157603,Medium,1
ORD-1985,6.198150136371282,5,2.079153727117908,3.9675347427725622,Medium,0
ORD-1986,8.416627558918965,4,3.3122355997077793,3.504711359072183,Low,0
ORD-1987,5.500514393943082,2,13.296275279628887,3.761365102468069,Medium,1
ORD-1988,3.333623382249728,8,10.862732373172095,4.813108437682752,High,1
ORD-1989,9.919676653253298,3,3.468111354918147,4.162619737456561,Low,0
ORD-1990,9.693282608143262,4,12.94696768618153,4.976351748851651,High,1
ORD-1991,8.489009414825908,12,5.14900583171937,4.093561945360689,Medium,1
ORD-1992,3.629669078144571,7,8.217378494537904,4.572779682170362,Medium,0
ORD-1993,7.287652668994502,10,3.887554667500584,3.922878564357094,High,1
ORD-1994,4.651199814810308,9,11.231430733482187,4.0457144617114,Medium,1
ORD-1995,1.5531938432562926,2,10.669107473185482,3.786088981386342,Low,0
ORD-1996,11.049106117815793,3,4.744462125159771,4.020593552749093,High,1
ORD-1997,2.073414255568056,4,13.224209969141024,4.320856280630965,Low,1
ORD-1998,11.427729568939228,10,7.2169783148562585,4.987659321468874,High,1
ORD-1999,5.629066389016491,1,5.802696183919643,4.496302569607678,Medium,0
